Hadzici,Ilidza,Ilijas,Sarajevo - Centar,Sarajevo - Novi Grad,Sarajevo - Novo Sarajevo,Sarajevo - Stari Grad
Dizel,Dizel,Dizel,Benzin,Benzin,Benzin,Dizel
Dizel,Dizel,Dizel,Dizel,Dizel,Dizel,Dizel
Dizel,Dizel,Benzin,Dizel,Benzin,Dizel,Plin
Dizel,Dizel,Dizel,Dizel,Benzin,Dizel,Dizel
Dizel,Dizel,Benzin,Dizel,Dizel,Dizel,Dizel
Dizel,Dizel,Dizel,Dizel,Benzin,Benzin,Dizel
Dizel,Dizel,Plin,Dizel,Dizel,Dizel,Benzin
Dizel,Dizel,Benzin,Benzin,Dizel,Dizel,Dizel
Benzin,Dizel,Benzin,Dizel,Benzin,Dizel,Dizel
Benzin,Benzin,Dizel,Dizel,Dizel,Dizel,Dizel
Dizel,Dizel,Dizel,Dizel,Dizel,Dizel,Dizel
Plin,Dizel,Dizel,Dizel,Dizel,Dizel,Benzin
Dizel,Dizel,Dizel,Benzin,Dizel,Dizel,Dizel
Dizel,Dizel,Benzin,Benzin,Dizel,Dizel,Dizel
Dizel,Dizel,Dizel,Benzin,Dizel,Dizel,Dizel
Dizel,Dizel,Dizel,Dizel,Dizel,Dizel,Dizel
Dizel,Benzin,Dizel,Benzin,Dizel,Dizel,Dizel
Dizel,Benzin,Dizel,Dizel,Dizel,Dizel,Dizel
Benzin,Dizel,Dizel,Benzin,Dizel,Dizel,Benzin
Dizel,Dizel,Dizel,Dizel,Dizel,Dizel,Dizel
Dizel,Dizel,Dizel,Benzin,Dizel,Dizel,Dizel
Dizel,Dizel,Dizel,Dizel,Benzin,Dizel,Dizel
Dizel,Dizel,Dizel,Dizel,Dizel,Dizel,Dizel
Dizel,Dizel,Dizel,Dizel,Dizel,Dizel,Dizel
Benzin,Dizel,Dizel,Dizel,Dizel,Dizel,Dizel
Dizel,Dizel,Dizel,Benzin,Dizel,Dizel,Dizel
Dizel,Dizel,Dizel,Plin,Dizel,Dizel,Dizel
Plin,Dizel,Dizel,Dizel,Dizel,Dizel,Dizel
Benzin,Dizel,Dizel,Dizel,Dizel,Dizel,Dizel
Dizel,Dizel,Dizel,Dizel,Dizel,Dizel,Dizel
Dizel,Dizel,Dizel,Dizel,Dizel,Dizel,Dizel
Dizel,Dizel,Dizel,Benzin,Dizel,Dizel,Dizel
Benzin,Dizel,Dizel,Benzin,Dizel,Dizel,Dizel
Benzin,Dizel,Plin,Dizel,Dizel,Benzin,Dizel
Dizel,Dizel,Benzin,Dizel,Dizel,Dizel,Dizel
Dizel,Dizel,Benzin,Dizel,Dizel,Dizel,Plin
Dizel,Dizel,Benzin,Benzin,Dizel,Benzin,Dizel
Dizel,Dizel,Benzin,Dizel,Dizel,Benzin,Dizel
Dizel,Dizel,Benzin,Dizel,Dizel,Dizel,Dizel
Dizel,Benzin,Benzin,Benzin,Dizel,Dizel,Dizel
Dizel,Dizel,Dizel,Dizel,Dizel,Dizel,Dizel
Dizel,Dizel,Benzin,Benzin,Dizel,Dizel,Benzin
Dizel,Dizel,Dizel,Dizel,Plin,Dizel,Benzin
Dizel,Benzin,Dizel,Dizel,Dizel,Dizel,Dizel
Dizel,Dizel,Dizel,Benzin,Dizel,Dizel,Benzin
Benzin,Dizel,Benzin,Dizel,Dizel,Benzin,Benzin
Benzin,Dizel,Dizel,Benzin,Dizel,Benzin,Benzin
Benzin,Dizel,Benzin,Dizel,Dizel,Dizel,Benzin
Dizel,Dizel,Plin,Dizel,Dizel,Dizel,Dizel
Dizel,Dizel,Dizel,Benzin,Dizel,Dizel,Dizel
Dizel,Dizel,Dizel,Dizel,Benzin,Benzin,Benzin
Dizel,Dizel,Benzin,Dizel,Dizel,Dizel,Benzin
Dizel,Benzin,Plin,Dizel,Benzin,Dizel,Dizel
Dizel,Dizel,Dizel,Benzin,Dizel,Dizel,Dizel
Dizel,Dizel,Benzin,Benzin,Dizel,Dizel,Benzin
Benzin,Dizel,Benzin,Dizel,Dizel,Dizel,Benzin
Dizel,Dizel,Benzin,Benzin,Dizel,Dizel,Benzin
Dizel,Dizel,Dizel,Dizel,Benzin,Dizel,Benzin
Dizel,Dizel,Dizel,Dizel,Dizel,Dizel,Dizel
Plin,Dizel,Dizel,Dizel,Dizel,Dizel,Plin
Dizel,Dizel,Benzin,Dizel,Dizel,Dizel,Dizel
Dizel,Dizel,Dizel,Dizel,Dizel,Dizel,Dizel
Plin,Benzin,Dizel,Dizel,Dizel,Benzin,Benzin
Dizel,Benzin,Dizel,Benzin,Dizel,Benzin,Dizel
Dizel,Dizel,Dizel,Dizel,Dizel,Dizel,Dizel
Dizel,Dizel,Dizel,Dizel,Dizel,Dizel,Dizel
Dizel,Dizel,Dizel,Benzin,Benzin,Dizel,Plin
Benzin,Plin,Dizel,Benzin,Dizel,Dizel,Dizel
Dizel,Dizel,Plin,Benzin,Dizel,Dizel,Dizel
Dizel,Dizel,Dizel,Dizel,Dizel,Dizel,Benzin
Dizel,Dizel,Dizel,Dizel,Dizel,Benzin,Dizel
Benzin,Dizel,Dizel,Dizel,Dizel,Dizel,Dizel
Dizel,Dizel,Dizel,Dizel,Benzin,Dizel,Dizel
Dizel,Dizel,Benzin,Dizel,Dizel,Dizel,Dizel
Dizel,Benzin,Dizel,Dizel,Dizel,Dizel,Dizel
Dizel,Benzin,Dizel,Dizel,Dizel,Benzin,Dizel
Dizel,Dizel,Dizel,Dizel,Dizel,Benzin,Benzin
Dizel,Dizel,Benzin,Benzin,Benzin,Plin,Dizel
Dizel,Dizel,Benzin,Dizel,Dizel,Benzin,Dizel
Dizel,Benzin,Dizel,Dizel,Dizel,Dizel,Dizel
Dizel,Dizel,Dizel,Dizel,Dizel,Benzin,Benzin
Dizel,Dizel,Dizel,Benzin,Dizel,Dizel,Dizel
Benzin,Dizel,Dizel,Dizel,Dizel,Dizel,Benzin
Dizel,Dizel,Dizel,Dizel,Dizel,Dizel,Dizel
Dizel,Dizel,Dizel,Dizel,Dizel,Benzin,Dizel
Plin,Dizel,Dizel,Dizel,Benzin,Dizel,Dizel
Dizel,Dizel,Dizel,Dizel,Dizel,Benzin,Benzin
Dizel,Dizel,Dizel,Dizel,Dizel,Benzin,Dizel
Dizel,Benzin,Dizel,Dizel,Dizel,Dizel,Benzin
Benzin,Dizel,Dizel,Dizel,Dizel,Dizel,Benzin
Dizel,Dizel,Dizel,Dizel,Dizel,Dizel,Dizel
Dizel,Dizel,Dizel,Dizel,Dizel,Dizel,Dizel
Dizel,Dizel,Dizel,Dizel,Dizel,Dizel,Dizel
Dizel,Dizel,Dizel,Dizel,Dizel,Benzin,Dizel
Benzin,Benzin,Dizel,Dizel,Dizel,Plin,Benzin
Plin,Dizel,Dizel,Dizel,Dizel,Dizel,Dizel
Dizel,Dizel,Dizel,Dizel,Dizel,Benzin,Dizel
Dizel,Dizel,Dizel,Dizel,Dizel,Benzin,Dizel
Dizel,Dizel,Dizel,Dizel,Dizel,Benzin,Dizel
Benzin,Dizel,Dizel,Dizel,Benzin,Dizel,Dizel
Benzin,Dizel,Dizel,Dizel,Dizel,Dizel,Dizel
Dizel,Dizel,Benzin,Benzin,Dizel,Benzin,Benzin
Dizel,Dizel,Dizel,Dizel,Dizel,Plin,Benzin
Dizel,Dizel,Dizel,Dizel,Dizel,Dizel,Dizel
Dizel,Dizel,Dizel,Dizel,Dizel,Plin,Dizel
Dizel,Dizel,Dizel,Dizel,Dizel,Dizel,Dizel
Dizel,Benzin,Dizel,Dizel,Dizel,Dizel,Dizel
Dizel,Benzin,Dizel,Benzin,Dizel,Benzin,Dizel
Benzin,Dizel,Dizel,Benzin,Dizel,Dizel,Dizel
Dizel,Dizel,Dizel,Dizel,Dizel,Dizel,Dizel
Dizel,Dizel,Dizel,Dizel,Dizel,Dizel,Dizel
Dizel,Dizel,Dizel,Dizel,Dizel,Dizel,Dizel
Dizel,Dizel,Dizel,Dizel,Dizel,Dizel,Dizel
Plin,Dizel,Dizel,Plin,Dizel,Dizel,Benzin
Dizel,Dizel,Dizel,Benzin,Dizel,Benzin,Benzin
Dizel,Dizel,Dizel,Benzin,Dizel,Benzin,Dizel
Dizel,Dizel,Dizel,Benzin,Dizel,Benzin,Dizel
Dizel,Dizel,Dizel,Benzin,Dizel,Dizel,Benzin
Dizel,Dizel,Benzin,Dizel,Dizel,Dizel,Dizel
Dizel,Dizel,Dizel,Dizel,Dizel,Benzin,Dizel
Dizel,Dizel,Dizel,Plin,Dizel,Dizel,Dizel
Benzin,Dizel,Dizel,Plin,Dizel,Dizel,Dizel
Dizel,Dizel,Dizel,Dizel,Dizel,Benzin,Dizel
Dizel,Dizel,Dizel,Dizel,Dizel,Dizel,Dizel
Dizel,Dizel,Dizel,Dizel,Dizel,Dizel,Dizel
Dizel,Dizel,Dizel,Benzin,Dizel,Dizel,Dizel
Dizel,Dizel,Dizel,Benzin,Dizel,Dizel,Benzin
Benzin,Dizel,Dizel,Benzin,Dizel,Dizel,Dizel
Benzin,Dizel,Dizel,Benzin,Benzin,Dizel,Benzin
Dizel,Dizel,Dizel,Benzin,Dizel,Dizel,Dizel
Dizel,Dizel,Dizel,Dizel,Dizel,Dizel,Dizel
Dizel,Dizel,Dizel,Dizel,Dizel,Dizel,Dizel
Dizel,Dizel,Dizel,Dizel,Dizel,Dizel,Plin
Dizel,Dizel,Dizel,Dizel,Dizel,Dizel,Plin
Benzin,Dizel,Plin,Benzin,Dizel,Dizel,Dizel
Benzin,Dizel,Benzin,Dizel,Plin,Dizel,Dizel
Benzin,Dizel,Dizel,Dizel,Benzin,Dizel,Dizel
Dizel,Dizel,Dizel,Dizel,Dizel,Dizel,Dizel
Dizel,Dizel,Dizel,Dizel,Dizel,Dizel,Dizel
Dizel,Dizel,Dizel,Dizel,Dizel,Dizel,Dizel
Dizel,Dizel,Dizel,Dizel,Benzin,Dizel,Dizel
Dizel,Dizel,Dizel,Plin,Dizel,Dizel,Benzin
Dizel,Dizel,Dizel,Benzin,Dizel,Dizel,Plin
Dizel,Dizel,Dizel,Dizel,Dizel,Dizel,Plin
Dizel,Dizel,Dizel,Dizel,Dizel,Plin,Dizel
Dizel,Dizel,Dizel,Dizel,Dizel,Dizel,Dizel
Dizel,Dizel,Dizel,Benzin,Dizel,Dizel,
Dizel,Dizel,Benzin,Dizel,Dizel,Plin,
Dizel,Dizel,Dizel,Dizel,Dizel,Dizel,
,Dizel,Dizel,,Benzin,Dizel,
